Unit: dimensionless (% of output purchased),government,domestic industries,labor and consumers,foreign entities
agriculture and forestry 01T03,0,0.7710577331443629,0.20256252098804145,0.026379745867595665
coal mining 05,0,0.4049315018471257,8.795788902573786e-4,0.594188919262617
oil and gas extraction 06,0,0.933696474385994,0,0.06630352561400596
other mining and quarrying 07T08,0,0.4049315018471257,8.795788902573786e-4,0.594188919262617
food beverage and tobacco 10T12,0,0.3719412539373439,0.5887170456906223,0.039341700372033744
textiles apparel and leather 13T15,1.538590052964367e-4,0.24524798957998956,0.7123911647048986,0.04220698670981544
wood products 16,3.1605667670139956e-4,0.9178434453843737,0.02723555130193111,0.054604946636993786
pulp paper and printing 17T18,0,0.8732041154228868,0.10065927832101296,0.026136606256100307
refined petroleum and coke 19,0,0.5669776896568496,0.3889250870700639,0.04409722327308652
chemicals 20,0,0.5771917427853253,0.28054912187118597,0.14225913534348875
rubber and plastic products 22,7.950656177782182e-5,0.7993361960690851,0.11868373766221271,0.08190055970692435
glass and glass products 231,0,0.8744858415210846,0.06797283912143459,0.0575413193574809
cement and other nonmetallic minerals 239,0,0.8744858415210846,0.06797283912143458,0.05754131935748089
iron and steel 241,0,0.9161661452484807,0.012857564639117622,0.07097629011240174
other metals 242,0,0.9265346329735754,0.0016909540948899556,0.0717744129315346
metal products except machinery and vehicles 25,0.006595590451328313,0.897956466687836,0.03995369411163534,0.0554942487492004
computers and electronics 26,0.058520286834071775,0.5261836946964271,0.24976156713550146,0.16553445133399972
appliances and electrical equipment 27,0.00950071552331708,0.6409229394972111,0.22039966042891912,0.12917668455055265
other machinery 28,0.04775057636103004,0.6497173045554201,0.03501205122559547,0.2675200678579544
road vehicles 29,0.11107555757444323,0.420700401301645,0.40869825724974185,0.05952578387416997
nonroad vehicles 30,0.17620192664357148,0.3453268924839188,0.09464056491942233,0.38383061595308743
other manufacturing 31T33,0.010972882316621753,0.3983431559644114,0.5056253965332435,0.08505856518572341
energy pipelines and gas processing 352T353,0,0.7160808278131009,0.18748181428978045,0.09643735789711856
water and waste 36T39,0,0.7347760603568119,0.2624497161532209,0.00277422348996722
construction 41T43,0.574288513318205,0.4255569921616092,0,1.544945201858347e-4
