Pollutant:,PM25,Unit: grams,,,,,,,,,,,,,,,,,,,,,,,,,,,,,,,,,,
,2015.0,2016.0,2017.0,2018.0,2019.0,2020.0,2021.0,2022.0,2023.0,2024.0,2025.0,2026.0,2027.0,2028.0,2029.0,2030.0,2031.0,2032.0,2033.0,2034.0,2035.0,2036.0,2037.0,2038.0,2039.0,2040.0,2041.0,2042.0,2043.0,2044.0,2045.0,2046.0,2047.0,2048.0,2049.0,2050.0
agriculture and forestry 01T03,0.0,0.0,0.0,0.0,0.0,872253.9682539683,878253.9682539682,884253.9682539683,935072.6159230096,954816.4827396723,964873.1498112514,972754.3712253983,980418.0316682056,987303.7055560681,994969.4912120563,1002413.2321691666,1000624.5058523777,1001239.2652708957,996992.7564384913,995134.8544858649,993017.2072386033,992197.7811280751,991070.6212955519,991100.2973295134,991084.9717296249,991056.7009926549,990675.5844865436,992110.1865674845,993123.8190127591,994600.6632141401,997256.6883625026,1005747.6099917421,1014361.2792811111,1023213.3091441427,1030907.1889257061,1038766.4374011741
coal mining 05,0.0,0.0,0.0,0.0,0.0,14595074971.42857,14858672457.142857,15022586736.04541,16845058245.687843,15055935455.495996,15766238492.669981,18054419238.746857,18951828387.42954,20582805668.49188,22426526528.371033,23190225128.627716,23363324044.87167,22719947676.490723,22666449688.703484,22859385683.757706,22395172246.262226,22310525470.865498,22579114672.18826,22775365146.973667,23377023106.107166,22878357946.640205,22399706844.347256,21934054586.178955,21941920774.42995,22430878302.95563,22554523708.207672,22708614131.641914,23093699848.708546,23285638143.996727,23349553803.202744,23253061534.927002
oil and gas extraction 06,0.0,0.0,0.0,0.0,0.0,1679285293.072824,1709655817.0515099,1619900504.3406365,1625174786.1842105,1758561418.2890587,1788907342.9814272,1726820738.6000628,1761088750.8394725,1816376710.2052963,1855551304.37742,1906087994.3016973,1942139816.923558,1971781534.940284,1985697848.1675687,1991183571.0520613,2005291564.7654955,2002707896.6509526,2007350103.1685975,2014975042.8132453,2016780366.649674,2050087486.4167247,2057652889.487723,2075829318.4358628,2080772460.9335158,2089853522.2339132,2105095580.0630565,2122007552.5304492,2129729498.9201047,2121098697.0757315,2130784803.2596757,2150014198.116333
other mining and quarrying 07T08,0.0,0.0,0.0,0.0,0.0,0.0,0.0,0.0,0.0,0.0,0.0,0.0,0.0,0.0,0.0,0.0,0.0,0.0,0.0,0.0,0.0,0.0,0.0,0.0,0.0,0.0,0.0,0.0,0.0,0.0,0.0,0.0,0.0,0.0,0.0,0.0
food beverage and tobacco 10T12,0.0,0.0,0.0,0.0,0.0,0.0,0.0,0.0,0.0,0.0,0.0,0.0,0.0,0.0,0.0,0.0,0.0,0.0,0.0,0.0,0.0,0.0,0.0,0.0,0.0,0.0,0.0,0.0,0.0,0.0,0.0,0.0,0.0,0.0,0.0,0.0
textiles apparel and leather 13T15,0.0,0.0,0.0,0.0,0.0,0.0,0.0,0.0,0.0,0.0,0.0,0.0,0.0,0.0,0.0,0.0,0.0,0.0,0.0,0.0,0.0,0.0,0.0,0.0,0.0,0.0,0.0,0.0,0.0,0.0,0.0,0.0,0.0,0.0,0.0,0.0
wood products 16,0.0,0.0,0.0,0.0,0.0,0.0,0.0,0.0,0.0,0.0,0.0,0.0,0.0,0.0,0.0,0.0,0.0,0.0,0.0,0.0,0.0,0.0,0.0,0.0,0.0,0.0,0.0,0.0,0.0,0.0,0.0,0.0,0.0,0.0,0.0,0.0
pulp paper and printing 17T18,0.0,0.0,0.0,0.0,0.0,1342201069.282432,1361547923.2944503,1442561971.3058894,1494824593.9775872,1479795060.4655845,1478524232.1615767,1484252117.540908,1483085878.1345594,1489257612.5716121,1499428939.3605905,1507135669.98611,1522186626.611916,1536679681.3669202,1545428433.89178,1556621235.7617142,1567429734.2799242,1570522948.2586336,1576547188.192278,1591703340.605613,1592509126.1807919,1607074590.329631,1627376098.8352237,1642924487.283491,1654600284.566622,1660852013.0342398,1666168470.0702999,1671890865.9875698,1671634436.074944,1674024739.002904,1678640032.3953075,1684229579.601354
refined petroleum and coke 19,0.0,0.0,0.0,0.0,0.0,304031084.1893703,304898887.89638233,305834988.831807,282910827.8069975,370152255.12339354,389000110.3216951,411037186.8361272,428012505.67165124,425202576.3384308,416255994.15270734,413909958.7256393,408071322.4911219,418486994.4362062,420839222.2947936,420135914.13297445,427552968.84743655,428287240.9966949,433239577.1040895,428469907.61495525,428785849.0983478,429556342.2379735,425244192.9924855,429121327.1327437,427341539.2945903,430172143.6375372,431531859.22889715,463219378.9877426,463005788.12244636,443274080.50491893,431227052.86213773,435599710.8498864
chemicals 20,0.0,0.0,0.0,0.0,0.0,153480895.93086064,143250691.94079092,135622918.2146864,147473340.4554884,160632589.31845695,146838395.30039316,137129468.2972412,141119438.00602895,145705073.0173794,150412710.4281494,154845373.0652215,158033920.7813994,161215447.72280815,165326620.1641891,168603716.65827572,171556495.53459454,175467220.86317,179237486.3182405,182350689.62898347,184432244.42709652,187034254.68011388,189878911.83010665,195364968.85572147,200701449.45269668,204805259.3464028,209346502.4869917,211568634.42096066,212305797.5115119,213058994.0141633,216081162.1862478,219936399.24065375
rubber and plastic products 22,0.0,0.0,0.0,0.0,0.0,0.0,0.0,0.0,0.0,0.0,0.0,0.0,0.0,0.0,0.0,0.0,0.0,0.0,0.0,0.0,0.0,0.0,0.0,0.0,0.0,0.0,0.0,0.0,0.0,0.0,0.0,0.0,0.0,0.0,0.0,0.0
glass and glass products 231,0.0,0.0,0.0,0.0,0.0,0.0,0.0,0.0,0.0,0.0,0.0,0.0,0.0,0.0,0.0,0.0,0.0,0.0,0.0,0.0,0.0,0.0,0.0,0.0,0.0,0.0,0.0,0.0,0.0,0.0,0.0,0.0,0.0,0.0,0.0,0.0
cement and other nonmetallic minerals 239,0.0,0.0,0.0,0.0,0.0,868713191.3506465,909105835.0537869,866817559.5238096,903602319.8420534,1028046535.8432078,935652679.8675592,866218743.4657407,823166192.253469,788105539.801314,777553398.5220746,765514469.5640332,754833809.2017857,745194966.6060026,618234088.3754879,594567468.0185269,568312291.1736095,543253204.1535872,527649212.30959255,514445754.8793681,493119968.94049215,479359635.6060349,464432831.3865199,451546953.61750424,441885369.0698382,434738978.27031916,423509624.2631684,416309332.8471635,409844364.7073685,402968382.4950859,398098119.7609212,394470998.44440806
iron and steel 241,0.0,0.0,0.0,0.0,0.0,1985022647.6578412,2007963258.6558046,2368524655.581948,2305557247.706422,2235037902.4963627,2085748771.901929,1876428303.530394,1798286610.9427516,1823270183.1196544,1829203025.222271,1808104682.5890071,1769068683.763738,1703335296.681665,1703401726.4994986,1732337389.6652274,1740324937.4708872,1758611316.3662455,1778003341.2380042,1794633223.4621727,1816187186.1489618,1831643944.1237445,1836990613.3643823,1855200854.470508,1889385428.158387,1909151400.1853635,1915146805.24184,1909532291.1778958,1887116296.3190258,1861269210.7634208,1862324944.8579009,1879735477.5362847
other metals 242,0.0,0.0,0.0,0.0,0.0,228601742.6900585,235572499.73418394,238865245.54973823,259461143.65256125,268134343.8743264,265157680.99822694,263975545.8002759,269741812.49328744,279537071.5839639,287580313.3796475,294369610.45828706,298255911.1455899,298871398.0021817,298708271.54724425,299446264.2168845,301277583.10088176,304115858.956821,307183341.2775727,309582059.81613505,311349632.37254333,314440704.18821037,316798184.27007324,318637581.5916659,321651762.61586124,324825340.80288684,326418213.5541878,326936110.1090074,327353989.81688505,328133333.9491326,328967263.2200688,328889904.40561503
metal products except machinery and vehicles 25,0.0,0.0,0.0,0.0,0.0,0.0,0.0,0.0,0.0,0.0,0.0,0.0,0.0,0.0,0.0,0.0,0.0,0.0,0.0,0.0,0.0,0.0,0.0,0.0,0.0,0.0,0.0,0.0,0.0,0.0,0.0,0.0,0.0,0.0,0.0,0.0
computers and electronics 26,0.0,0.0,0.0,0.0,0.0,0.0,0.0,0.0,0.0,0.0,0.0,0.0,0.0,0.0,0.0,0.0,0.0,0.0,0.0,0.0,0.0,0.0,0.0,0.0,0.0,0.0,0.0,0.0,0.0,0.0,0.0,0.0,0.0,0.0,0.0,0.0
appliances and electrical equipment 27,0.0,0.0,0.0,0.0,0.0,0.0,0.0,0.0,0.0,0.0,0.0,0.0,0.0,0.0,0.0,0.0,0.0,0.0,0.0,0.0,0.0,0.0,0.0,0.0,0.0,0.0,0.0,0.0,0.0,0.0,0.0,0.0,0.0,0.0,0.0,0.0
other machinery 28,0.0,0.0,0.0,0.0,0.0,0.0,0.0,0.0,0.0,0.0,0.0,0.0,0.0,0.0,0.0,0.0,0.0,0.0,0.0,0.0,0.0,0.0,0.0,0.0,0.0,0.0,0.0,0.0,0.0,0.0,0.0,0.0,0.0,0.0,0.0,0.0
road vehicles 29,0.0,0.0,0.0,0.0,0.0,0.0,0.0,0.0,0.0,0.0,0.0,0.0,0.0,0.0,0.0,0.0,0.0,0.0,0.0,0.0,0.0,0.0,0.0,0.0,0.0,0.0,0.0,0.0,0.0,0.0,0.0,0.0,0.0,0.0,0.0,0.0
nonroad vehicles 30,0.0,0.0,0.0,0.0,0.0,0.0,0.0,0.0,0.0,0.0,0.0,0.0,0.0,0.0,0.0,0.0,0.0,0.0,0.0,0.0,0.0,0.0,0.0,0.0,0.0,0.0,0.0,0.0,0.0,0.0,0.0,0.0,0.0,0.0,0.0,0.0
other manufacturing 31T33,0.0,0.0,0.0,0.0,0.0,1655990091.3673596,1669838941.3988657,1815623241.8982556,1974055334.1890044,1941875391.2778633,1889339546.4110546,1862591327.91181,1858781313.8762383,1865438719.9254766,1893397212.0021253,1927644634.3274648,1960952541.0051658,2017304879.9166584,2065503141.4827168,2115418999.4806354,2158006440.960228,2183566295.9910526,2216402826.3697295,2264501405.4780817,2294012109.9647593,2338381792.623224,2381606341.6790433,2418233010.1047297,2447194670.605133,2475732351.956187,2508714146.855035,2565814076.328262,2601552798.653561,2632349028.4232993,2666394698.569438,2701402809.863601
energy pipelines and gas processing 352T353,0.0,0.0,0.0,0.0,0.0,706197234.5090562,703500520.4957103,811685097.714475,887556743.5897436,1019294410.7749765,1038165623.3457048,1044093014.4036157,1112477877.1865191,1198408952.5649726,1211878304.285365,1231285746.0198555,1217001831.519565,1191716117.3774786,1148972394.0326326,1120345490.1607955,1108666009.7241845,1107536674.4100192,1108479593.6635773,1094808573.3219707,1099812998.8124907,1094482032.3726459,1083257701.4991536,1082223251.9080148,1088363360.4353437,1093650446.0707538,1099595438.528535,1103314759.084082,1095978717.2817676,1091416223.457993,1096835621.224762,1109064253.8777397
water and waste 36T39,0.0,0.0,0.0,0.0,0.0,0.0,0.0,0.0,0.0,0.0,0.0,0.0,0.0,0.0,0.0,0.0,0.0,0.0,0.0,0.0,0.0,0.0,0.0,0.0,0.0,0.0,0.0,0.0,0.0,0.0,0.0,0.0,0.0,0.0,0.0,0.0
construction 41T43,0.0,0.0,0.0,0.0,0.0,0.0,0.0,0.0,0.0,0.0,0.0,0.0,0.0,0.0,0.0,0.0,0.0,0.0,0.0,0.0,0.0,0.0,0.0,0.0,0.0,0.0,0.0,0.0,0.0,0.0,0.0,0.0,0.0,0.0,0.0,0.0
